seed_term,notes
meal prep / meal planning,evergreen food vertical
home fitness (no equipment),bodyweight / minimal gear
remote work productivity,tools and workflows
personal finance for under-30s,budgeting / investing for young adults
sleep improvement,sleep hygiene and aids
ADHD productivity tools,apps and systems for focus
side income / digital products,creator monetisation
pet health / pet nutrition,dog and cat wellness
language learning,apps and methods
small business automation,no-code and workflow tools
